{
  "project_info": {
    "project_number": "326809233244",
    "firebase_url": "https://lbhmus-74976.firebaseio.com",
    "project_id": "lbhmus-74976",
    "storage_bucket": "lbhmus-74976.appspot.com"
  },
  "client": [
    {
      "client_info": {
        "mobilesdk_app_id": "1:326809233244:android:b7b1453d74e06767c78399",
        "android_client_info": {
          "package_name": "com.lbhmus.myapplication"
        }
      },
      "oauth_client": [
        {
          "client_id": "326809233244-fje1m8uf36vcrbioutbq0co4ve1smmft.apps.googleusercontent.com",
          "client_type": 3
        }
      ],
      "api_key": [
        {
          "current_key": "AIzaSyCb1Up19A413aftq-g32P9ygqy6Og8b344"
        },
        {
          "current_key": "AIzaSyAGTf_sbZmlAv8QP3K9TnhPNomaPXbTr_U"
        }
      ],
      "services": {
        "appinvite_service": {
          "other_platform_oauth_client": [
            {
              "client_id": "326809233244-fje1m8uf36vcrbioutbq0co4ve1smmft.apps.googleusercontent.com",
              "client_type": 3
            }
          ]
        }
      }
    },
    {
      "client_info": {
        "mobilesdk_app_id": "1:326809233244:android:87acb1ce0fc012f6c78399",
        "android_client_info": {
          "package_name": "com.lbhmus.permutation.onee"
        }
      },
      "oauth_client": [
        {
          "client_id": "326809233244-7l2sgs2mm7dr7u3fcpnvtlg7ltev5siv.apps.googleusercontent.com",
          "client_type": 1,
          "android_info": {
            "package_name": "com.lbhmus.permutation.onee",
            "certificate_hash": "72c5a17c41c2be3b548fcb8ae4c1a0132c6316e1"
          }
        },
        {
          "client_id": "326809233244-gasffo2l1od2iufj36hf2ieepdvd8gj6.apps.googleusercontent.com",
          "client_type": 1,
          "android_info": {
            "package_name": "com.lbhmus.permutation.onee",
            "certificate_hash": "6fb6c3051dafbb01dad499e889974c424b7d8a5a"
          }
        },
        {
          "client_id": "326809233244-fje1m8uf36vcrbioutbq0co4ve1smmft.apps.googleusercontent.com",
          "client_type": 3
        }
      ],
      "api_key": [
        {
          "current_key": "AIzaSyCb1Up19A413aftq-g32P9ygqy6Og8b344"
        },
        {
          "current_key": "AIzaSyAGTf_sbZmlAv8QP3K9TnhPNomaPXbTr_U"
        }
      ],
      "services": {
        "appinvite_service": {
          "other_platform_oauth_client": [
            {
              "client_id": "326809233244-fje1m8uf36vcrbioutbq0co4ve1smmft.apps.googleusercontent.com",
              "client_type": 3
            }
          ]
        }
      }
    },
    {
      "client_info": {
        "mobilesdk_app_id": "1:326809233244:android:4d1e29bbd2c7ca8ec78399",
        "android_client_info": {
          "package_name": "com.lbhmus.phoneotpserver"
        }
      },
      "oauth_client": [
        {
          "client_id": "326809233244-fje1m8uf36vcrbioutbq0co4ve1smmft.apps.googleusercontent.com",
          "client_type": 3
        }
      ],
      "api_key": [
        {
          "current_key": "AIzaSyCb1Up19A413aftq-g32P9ygqy6Og8b344"
        },
        {
          "current_key": "AIzaSyAGTf_sbZmlAv8QP3K9TnhPNomaPXbTr_U"
        }
      ],
      "services": {
        "appinvite_service": {
          "other_platform_oauth_client": [
            {
              "client_id": "326809233244-fje1m8uf36vcrbioutbq0co4ve1smmft.apps.googleusercontent.com",
              "client_type": 3
            }
          ]
        }
      }
    }
  ],
  "configuration_version": "1"
}